評鑑內容代碼,學習指引,起始頁,結束頁（含章末練習題時一併列入）
L21101,科目一,3-3,3-39
L21102,科目一,3-40,3-58
L21103,科目一,3-59,3-72
L21104,科目一,3-73,3-87
L21201,科目一,4-3,4-14
L21202,科目一,4-15,4-28
L21203,科目一,4-29,4-47
L21301,科目一,5-2,5-13
L21302,科目一,5-14,5-26
L22101,科目二,3-2,3-12
L22102,科目二,3-13,3-22
L22103,科目二,3-23,3-48
L22201,科目二,4-2,4-8
L22202,科目二,4-9,4-19
L22203,科目二,4-20,4-33
L22301,科目二,5-2,5-9
L22302,科目二,5-10,5-28
L22303,科目二,5-29,5-50
L22401,科目二,6-2,6-13
L22402,科目二,6-14,6-24
L22403,科目二,6-25,6-29
L22404,科目二,6-30,6-43
L23101,科目三,3-2,3-8
L23102,科目三,3-9,3-17
L23103,科目三,3-18,3-31
L23201,科目三,4-2,4-11
L23202,科目三,4-12,4-53
L23203,科目三,4-54,4-96
L23301,科目三,5-2,5-10
L23302,科目三,5-11,5-16
L23303,科目三,5-17,5-29
L23304,科目三,5-30,5-57
L23401,科目三,6-2,6-13
L23402,科目三,6-14,6-30
